{"cameraMode":{"drawMode":0,"name":"Shaded","section":"Shading Mode"},"sceneLighting":false,"audioPlay":false,"sceneViewState":{"showFog":true,"showMaterialUpdate":false,"showSkybox":false,"showFlares":true,"showImageEffects":true,"showParticleSystems":true,"showVisualEffectGraphs":true,"m_FxEnabled":true},"in2DMode":false,"pivot":{"x":531.4044189453125,"y":-169.31089782714845,"z":-114.14969635009766},"rotation":{"x":0.21433180570602418,"y":-0.007935941219329834,"z":0.0016258468385785819,"w":0.9767965078353882},"size":17.329700469970704,"orthographic":false}